LotArea,GarageArea,TotalBsmtSF,GrLivArea,BedroomAbvGr,FullBath,HalfBath,PredictedSalePrice
11622,730.0,882.0,896,2,1,0,147545.0
14267,312.0,1329.0,1329,3,1,1,174658.0
13830,482.0,928.0,1629,3,2,1,200191.0
9978,470.0,926.0,1604,3,2,1,193239.0
5005,506.0,1280.0,1280,2,2,0,183748.0
10000,440.0,763.0,1655,3,2,1,185678.0
7980,420.0,1168.0,1187,3,2,0,158804.0
8402,393.0,789.0,1465,3,2,1,171794.0
10176,506.0,1300.0,1341,2,1,1,194119.0
8400,525.0,882.0,882,2,1,0,128974.0
5858,511.0,1405.0,1337,2,2,0,194481.0
1680,264.0,483.0,987,2,1,1,107197.0
1680,320.0,525.0,1092,3,1,1,106518.0
2280,440.0,855.0,1456,3,2,1,170351.0
2280,308.0,836.0,836,2,1,0,102019.0
12858,751.0,1590.0,2334,3,2,1,288092.0
12883,868.0,1544.0,1544,3,2,0,233103.0
11520,730.0,1698.0,1698,3,2,0,238044.0
14122,678.0,1822.0,1822,3,2,0,250554.0
14300,958.0,2846.0,2696,3,2,1,386672.0
13650,756.0,1671.0,2250,3,2,1,289055.0
7132,484.0,1370.0,1370,2,2,0,194186.0
18494,430.0,1324.0,1324,3,2,0,187507.0
3203,437.0,1145.0,1145,2,2,0,162881.0
13300,400.0,384.0,1374,3,2,1,152928.0
8577,433.0,847.0,1733,3,2,1,191848.0
17433,962.0,1629.0,2475,4,2,1,305266.0
8987,880.0,1595.0,1595,2,2,0,246593.0
9215,676.0,1218.0,1218,2,2,0,193991.0
10440,528.0,1468.0,1468,2,2,0,211369.0
11920,484.0,831.0,1659,3,2,1,194665.0
9800,429.0,816.0,1012,2,1,0,127726.0
15410,461.0,1208.0,1494,3,2,0,188959.0
13143,762.0,1231.0,2349,4,2,1,259635.0
11134,713.0,1390.0,2225,4,2,1,255345.0
4835,506.0,1488.0,1488,2,2,0,205091.0
3515,588.0,840.0,1680,2,2,1,205151.0
3215,480.0,600.0,1200,2,2,1,159891.0
2544,480.0,600.0,1200,2,2,1,159070.0
2544,480.0,600.0,1236,2,2,1,160976.0
2980,440.0,756.0,1512,2,2,1,181319.0
2403,496.0,530.0,1080,2,2,1,150080.0
12853,852.0,1642.0,1418,1,1,1,254394.0
7379,592.0,975.0,1848,3,2,1,213726.0
8000,596.0,1492.0,1492,3,2,0,203315.0
10456,535.0,1829.0,1829,4,2,0,224946.0
10791,660.0,1280.0,2495,4,2,1,260062.0
18837,678.0,1224.0,1891,3,3,0,248665.0
9600,441.0,715.0,1645,4,1,2,169934.0
9600,490.0,1232.0,1232,3,1,1,170953.0
9900,504.0,1209.0,1209,3,1,0,151109.0
9680,517.0,1510.0,1510,3,2,0,201885.0
10600,480.0,533.0,1775,3,2,0,165050.0
13260,0.0,1728.0,1728,6,2,0,157353.0
9724,400.0,1140.0,2461,3,2,0,225636.0
17360,470.0,782.0,1556,3,2,0,173660.0
11380,315.0,1080.0,1128,2,1,0,141454.0
8267,576.0,1604.0,1604,4,2,0,201731.0
8197,620.0,1480.0,1480,3,2,0,203938.0
8050,308.0,1143.0,1143,3,1,0,128730.0
10725,312.0,1206.0,1206,3,1,0,138802.0
10032,440.0,1244.0,1580,3,1,1,187133.0
8382,263.0,832.0,1337,3,1,0,120609.0
10950,318.0,864.0,1064,2,1,0,126800.0
10895,305.0,972.0,972,3,1,0,114290.0
13587,264.0,988.0,988,2,1,0,128626.0
7898,676.0,576.0,985,2,1,0,128542.0
8064,280.0,816.0,1224,3,1,0,114576.0
7635,484.0,1175.0,1175,3,1,1,162236.0
9760,440.0,1395.0,1395,2,1,0,178035.0
4800,240.0,709.0,1844,3,1,0,135287.0
4485,0.0,936.0,936,2,1,0,94216.0
5805,551.0,1347.0,1347,3,1,0,163579.0
6900,240.0,827.0,1251,3,1,0,112429.0
11851,240.0,1027.0,1633,3,1,0,148850.0
8239,315.0,1008.0,1245,3,1,0,127999.0
9656,780.0,678.0,832,2,1,0,134802.0
9600,288.0,930.0,1566,3,2,0,159862.0
9000,624.0,346.0,2268,3,3,0,208460.0
9045,0.0,840.0,2256,4,2,0,159497.0
10560,624.0,738.0,1470,2,1,1,180946.0
5830,363.0,988.0,1612,3,1,1,165502.0
7793,315.0,1108.0,2068,3,1,1,194881.0
5000,200.0,765.0,765,2,1,0,90676.0
6000,240.0,608.0,1132,2,1,0,106093.0
6000,576.0,572.0,1196,3,1,1,137034.0
6360,240.0,835.0,1453,3,1,1,141648.0
6000,312.0,780.0,1416,3,1,1,141339.0
6240,624.0,528.0,1040,2,1,0,123472.0
6240,480.0,928.0,1536,4,2,0,154905.0
6120,288.0,1124.0,1068,2,1,0,132239.0
8094,572.0,888.0,1962,4,1,1,183739.0
12900,0.0,780.0,1560,3,1,1,136276.0
3068,180.0,662.0,1324,3,1,0,99183.0
15263,365.0,1422.0,1675,3,2,0,202703.0
10632,180.0,689.0,1224,3,1,1,123289.0
9900,0.0,1212.0,1392,3,1,0,126813.0
6001,231.0,600.0,919,3,1,0,81638.0
6449,0.0,707.0,1884,4,1,1,129682.0
6048,450.0,856.0,1680,2,2,0,180937.0
10773,0.0,1832.0,1832,4,2,0,189406.0
7800,416.0,864.0,892,3,1,0,108314.0
7832,280.0,864.0,864,2,1,0,109818.0
7424,591.0,1319.0,1373,3,1,0,168229.0
11227,480.0,720.0,1440,4,1,1,145187.0
20062,690.0,1420.0,1483,1,1,1,244441.0
9259,440.0,660.0,756,2,1,0,106350.0
17082,522.0,1117.0,1981,4,2,1,222936.0
18600,480.0,972.0,1610,4,2,0,176179.0
11479,467.0,663.0,1074,3,1,0,115728.0
9350,209.0,756.0,1531,3,1,0,124560.0
9525,366.0,1172.0,1172,3,1,0,137468.0
17485,572.0,1508.0,1508,1,1,0,220299.0
11200,504.0,1250.0,1298,3,2,0,178467.0
11980,528.0,1433.0,1433,1,1,1,221587.0
12361,1017.0,946.0,1802,3,2,1,244706.0
7360,615.0,1222.0,1222,2,2,0,188003.0
14235,484.0,676.0,1445,3,2,0,159536.0
11105,580.0,870.0,965,2,1,0,139798.0
9337,513.0,878.0,1692,3,2,1,197596.0
15240,308.0,1026.0,1026,3,1,1,144183.0
7480,484.0,876.0,876,3,1,0,112289.0
10389,850.0,1978.0,1978,3,2,1,292577.0
9375,621.0,1040.0,2098,4,2,1,222505.0
4435,420.0,848.0,848,1,1,0,125647.0
8777,240.0,0.0,640,2,1,0,52637.0
8842,319.0,381.0,992,3,1,0,83849.0
10044,336.0,1196.0,1196,3,1,0,138558.0
11792,480.0,744.0,1120,2,1,0,135691.0
6305,352.0,1008.0,1096,3,1,0,120247.0
6410,0.0,960.0,960,3,1,0,86899.0
4853,260.0,1107.0,1296,2,2,0,158983.0
7890,399.0,856.0,856,2,1,0,117121.0
7200,0.0,0.0,2650,6,3,0,130213.0
9839,0.0,894.0,1666,3,1,0,125141.0
10452,312.0,1528.0,2133,4,1,1,210489.0
15600,484.0,1032.0,2177,5,2,1,212462.0
19645,473.0,423.0,1652,3,2,1,182336.0
3907,598.0,982.0,1034,1,1,0,153696.0
3907,531.0,1191.0,1191,2,2,0,174876.0
8154,200.0,480.0,540,1,1,0,80344.0
9140,625.0,629.0,1107,2,1,0,135754.0
8712,330.0,756.0,952,3,1,0,101312.0
3811,525.0,1594.0,1646,2,2,0,218862.0
11050,741.0,1049.0,1916,3,2,1,235661.0
9620,473.0,1243.0,1285,3,2,0,173391.0
12760,776.0,1958.0,2048,5,3,0,269040.0
11896,660.0,1336.0,1346,3,2,0,196784.0
9803,520.0,1214.0,1214,2,2,0,183729.0
9802,400.0,384.0,1444,3,2,1,152354.0
15300,528.0,1068.0,1264,2,1,0,167274.0
10114,624.0,1430.0,1430,3,2,0,201375.0
11875,686.0,1344.0,1344,3,2,0,198819.0
2394,253.0,945.0,945,2,1,0,109727.0
1476,0.0,546.0,1092,3,1,1,85657.0
1900,0.0,546.0,1092,3,1,1,86176.0
1890,286.0,546.0,1092,3,1,1,105536.0
6953,352.0,864.0,874,3,1,0,101989.0
12887,495.0,833.0,833,2,1,0,127356.0
7700,616.0,1216.0,2432,4,4,2,303452.0
10475,576.0,624.0,1274,3,1,1,149276.0
10544,275.0,864.0,1479,5,2,0,127865.0
9892,482.0,1679.0,1803,3,2,1,242628.0
12961,616.0,1152.0,1797,3,2,1,228448.0
13008,502.0,882.0,882,2,1,0,133055.0
10200,528.0,1434.0,1434,4,2,0,183231.0
10179,470.0,945.0,1608,3,2,1,194659.0
11792,632.0,1008.0,2283,4,2,1,234385.0
8400,390.0,384.0,1628,3,2,1,159705.0
7296,564.0,2208.0,2522,1,2,0,315424.0
7380,495.0,1418.0,1478,2,2,0,203385.0
8013,528.0,1587.0,1734,2,2,0,228514.0
8923,396.0,384.0,1382,3,2,1,147724.0
7500,440.0,952.0,1636,3,2,1,191186.0
8803,409.0,707.0,1516,3,2,1,171915.0
7250,430.0,1181.0,1190,3,2,0,159406.0
11900,567.0,1122.0,1934,3,2,1,229567.0
13250,529.0,832.0,2050,4,2,1,207938.0
10928,484.0,1427.0,1671,3,2,0,205499.0
12388,441.0,1043.0,2673,4,2,1,244604.0
11088,479.0,1140.0,1707,3,2,0,192725.0
7000,581.0,926.0,1884,3,2,1,211942.0
7500,588.0,1058.0,1874,3,2,1,219185.0
8470,565.0,972.0,1811,3,2,1,211121.0
9373,478.0,1621.0,1621,3,2,0,210369.0
10140,528.0,1116.0,1116,3,2,0,162369.0
11050,506.0,1176.0,1193,3,2,0,169110.0
7830,477.0,1180.0,1180,2,1,1,174679.0
8510,336.0,1043.0,1050,3,1,1,139975.0
7038,576.0,864.0,864,3,1,0,116736.0
9000,576.0,864.0,864,3,1,0,119137.0
1680,264.0,483.0,987,2,1,1,107197.0
1680,288.0,483.0,987,2,1,1,108823.0
2308,440.0,804.0,1548,3,2,1,172675.0
2280,440.0,1057.0,1055,2,2,0,152730.0
2349,440.0,855.0,1456,3,2,1,170436.0
2364,440.0,804.0,1548,3,2,1,172743.0
2364,440.0,855.0,1456,3,2,1,170454.0
2104,345.0,836.0,836,2,1,0,104310.0
10710,656.0,864.0,1120,3,1,0,140207.0
14257,754.0,1776.0,2772,4,3,1,329443.0
12350,864.0,1365.0,2690,3,2,1,302581.0
12350,896.0,2020.0,2020,3,2,0,283668.0
13693,762.0,2630.0,2674,2,2,1,372707.0
11578,834.0,1736.0,1736,3,2,0,249097.0
16870,932.0,1782.0,1782,3,2,0,266978.0
23303,640.0,1508.0,2520,5,2,1,274733.0
10367,927.0,1739.0,1743,3,2,0,254437.0
10872,700.0,1504.0,1531,2,2,0,228708.0
13514,850.0,1774.0,1808,3,2,0,258288.0
12878,583.0,1760.0,1760,3,2,0,236173.0
15274,886.0,2452.0,2452,3,2,0,331330.0
13262,730.0,1082.0,2400,4,3,1,271744.0
9658,871.0,1598.0,1606,3,2,0,235378.0
6904,484.0,1358.0,1358,2,2,0,192663.0
5122,624.0,1306.0,1306,1,2,0,206738.0
10307,484.0,1350.0,1358,2,2,0,196423.0
14836,949.0,2492.0,2492,2,2,1,370143.0
15262,685.0,2200.0,2200,3,2,1,310366.0
7390,649.0,1884.0,1884,2,2,0,258936.0
6472,539.0,1451.0,1456,2,2,0,205761.0
16770,701.0,1712.0,1712,3,2,0,243955.0
3480,478.0,1405.0,1405,2,2,0,192936.0
10928,390.0,728.0,1456,3,2,1,171115.0
8918,392.0,745.0,1490,3,2,1,171452.0
3182,397.0,1220.0,1220,2,2,0,167917.0
9434,400.0,384.0,1374,3,2,1,148196.0
7984,436.0,868.0,1630,3,2,1,186935.0
10125,434.0,846.0,1594,3,2,1,186398.0
8965,400.0,782.0,1489,3,2,1,173873.0
8174,393.0,698.0,1342,3,2,1,160391.0
12891,644.0,870.0,2004,4,2,1,214777.0
9734,400.0,384.0,1374,3,2,1,148564.0
8433,394.0,794.0,1514,3,2,1,174747.0
7750,400.0,384.0,1430,3,2,1,149101.0
15896,658.0,1177.0,2312,4,2,1,251265.0
7848,410.0,384.0,1430,3,2,1,149898.0
12720,810.0,1455.0,2687,4,2,1,291616.0
10750,815.0,2024.0,2063,3,2,0,278703.0
9085,647.0,1070.0,2061,3,2,1,235632.0
11692,623.0,1173.0,2232,3,2,1,251471.0
11194,972.0,1696.0,1696,3,2,0,253830.0
10206,726.0,1614.0,1658,3,2,1,248568.0
10130,844.0,1702.0,1702,3,2,0,244479.0
9139,492.0,1422.0,1432,3,2,0,190941.0
11128,795.0,2458.0,2490,2,2,0,334569.0
7993,529.0,1436.0,1436,3,2,0,192966.0
8640,625.0,1402.0,1402,3,2,0,196737.0
12606,984.0,1530.0,1530,3,2,0,239171.0
7500,692.0,1372.0,1448,2,2,0,212957.0
10603,782.0,900.0,1795,3,2,1,223936.0
8125,517.0,1836.0,1836,3,2,0,233760.0
10625,711.0,1652.0,1662,3,2,0,231425.0
8736,588.0,1553.0,1553,3,2,0,209994.0
8127,628.0,812.0,1653,3,2,1,198496.0
9605,576.0,1218.0,1218,3,1,1,175334.0
7500,484.0,1141.0,1141,3,1,1,158548.0
7500,0.0,1158.0,1158,3,1,1,127525.0
10628,478.0,835.0,1812,3,2,1,200982.0
10141,845.0,1512.0,1512,3,2,0,224874.0
13072,576.0,1114.0,1114,3,1,1,168801.0
13072,0.0,1114.0,1114,3,1,1,129785.0
12450,576.0,1114.0,1114,3,2,0,168240.0
7328,788.0,1450.0,1450,2,2,0,223307.0
11492,559.0,913.0,2122,4,2,1,215735.0
7703,528.0,816.0,1730,3,2,1,195484.0
7175,542.0,1332.0,1332,2,2,0,194230.0
9109,495.0,754.0,1540,3,2,1,181767.0
10274,465.0,676.0,1400,3,2,1,169795.0
8250,612.0,0.0,1882,4,2,0,137623.0
9750,400.0,980.0,980,3,1,0,120153.0
8499,732.0,864.0,864,3,1,0,129091.0
9079,440.0,864.0,864,2,1,0,122182.0
9316,288.0,1024.0,1020,3,2,0,135360.0
7791,300.0,912.0,912,3,1,0,103936.0
7150,252.0,912.0,912,3,1,0,99900.0
15676,864.0,2014.0,2014,2,2,0,297109.0
11949,524.0,975.0,1755,3,2,1,209788.0
2880,704.0,1376.0,3005,3,2,1,297393.0
3830,561.0,1726.0,1726,2,2,1,251024.0
4217,641.0,1145.0,1256,1,1,1,195778.0
2998,440.0,756.0,1512,2,2,1,181341.0
3768,506.0,691.0,1452,3,2,1,168124.0
14694,642.0,1694.0,1694,2,2,0,247714.0
15417,540.0,1740.0,1740,2,1,1,246255.0
9600,527.0,392.0,2499,4,2,1,204827.0
12732,784.0,752.0,2067,3,2,1,233585.0
10400,515.0,932.0,2640,5,2,1,227653.0
9600,502.0,1288.0,1336,3,2,0,180311.0
9000,336.0,1216.0,1216,3,1,0,139353.0
13774,520.0,908.0,2288,4,1,2,224223.0
7130,312.0,864.0,864,2,1,0,111127.0
9600,440.0,1568.0,1568,3,1,1,202381.0
9600,498.0,1165.0,2061,4,2,1,218822.0
16500,495.0,1232.0,1320,3,2,0,184597.0
7436,396.0,894.0,894,2,1,0,120300.0
8125,308.0,864.0,864,3,1,0,99913.0
9450,768.0,1040.0,1362,3,1,0,167983.0
13495,576.0,1048.0,1728,3,2,0,198693.0
9350,610.0,1313.0,1313,3,1,1,187168.0
10500,520.0,1292.0,1292,3,1,1,180303.0
8970,549.0,744.0,2140,4,2,1,204363.0
11475,368.0,1208.0,1576,4,1,0,151049.0
9768,330.0,960.0,960,2,1,0,125522.0
9900,550.0,1680.0,1691,2,1,0,215770.0
10573,530.0,1453.0,1453,3,2,0,197952.0
14695,542.0,1562.0,1567,2,2,0,227529.0
8760,286.0,1169.0,1144,3,1,0,129478.0
12285,441.0,1329.0,1329,3,1,1,180971.0
9240,297.0,988.0,988,3,2,0,132358.0
8750,304.0,1202.0,1202,3,1,0,135429.0
8750,350.0,1382.0,1382,3,1,0,157195.0
10400,294.0,1200.0,1200,3,1,0,136563.0
9482,495.0,1866.0,1866,4,2,0,224879.0
8128,297.0,1062.0,1062,3,1,0,119687.0
13070,480.0,631.0,1112,2,1,0,131108.0
8480,240.0,793.0,793,2,1,0,100545.0
7626,230.0,1031.0,1031,2,1,0,123483.0
9533,616.0,0.0,1210,2,1,1,127995.0
11419,410.0,699.0,1527,3,1,1,156385.0
9600,246.0,1200.0,1200,3,1,0,132333.0
5470,366.0,792.0,792,2,1,0,105293.0
10800,720.0,676.0,1352,4,2,0,154232.0
8146,281.0,405.0,1039,2,1,0,96288.0
10230,264.0,1054.0,1078,3,1,0,120467.0
10410,528.0,1313.0,2377,3,2,0,239461.0
7200,624.0,560.0,1690,4,2,0,155349.0
5400,0.0,416.0,599,2,1,0,51149.0
10800,576.0,720.0,846,2,1,0,125253.0
10800,320.0,630.0,725,1,1,1,127883.0
9671,907.0,1248.0,2544,6,2,2,270852.0
10143,364.0,1380.0,1380,3,1,1,178418.0
11500,480.0,1040.0,1040,3,1,0,133930.0
8010,480.0,951.0,951,2,1,0,132598.0
10454,308.0,1105.0,1105,3,1,0,127735.0
9000,384.0,160.0,1142,2,1,0,97355.0
8064,900.0,795.0,1133,3,1,0,150689.0
7350,294.0,1041.0,1041,3,1,0,116356.0
7200,240.0,732.0,732,2,1,0,92659.0
8000,288.0,528.0,1183,3,1,0,98280.0
10800,384.0,832.0,1461,4,2,0,145148.0
8064,576.0,864.0,1495,3,1,0,151409.0
7570,483.0,780.0,1806,4,1,1,163337.0
8604,564.0,941.0,941,2,1,0,137979.0
7936,264.0,1045.0,1045,3,1,0,115456.0
4080,162.0,901.0,1378,3,1,0,114169.0
10307,324.0,972.0,1944,4,2,0,173151.0
15660,472.0,240.0,1306,3,1,1,130820.0
9900,0.0,504.0,1464,3,2,0,113740.0
6406,400.0,690.0,1558,3,1,1,150758.0
7627,0.0,600.0,1701,4,2,0,116212.0
10134,0.0,801.0,1447,3,1,0,109193.0
6000,308.0,768.0,1328,3,1,1,135800.0
7404,288.0,861.0,861,2,1,0,109526.0
5925,308.0,0.0,612,1,1,0,64431.0
8520,287.0,624.0,792,2,1,0,95164.0
9600,720.0,677.0,1510,3,2,0,173343.0
8400,357.0,917.0,2007,3,2,0,185764.0
3600,280.0,624.0,1288,3,1,0,102777.0
3300,0.0,624.0,816,2,1,0,70607.0
5400,207.0,972.0,1480,3,1,0,127831.0
9720,640.0,741.0,1521,4,1,0,140757.0
9392,0.0,245.0,797,2,1,0,57858.0
6615,216.0,1022.0,1432,3,1,0,129918.0
4960,336.0,297.0,1654,3,2,0,130031.0
6000,320.0,468.0,1142,3,1,0,92789.0
6120,264.0,960.0,995,2,1,0,118440.0
6120,250.0,952.0,1582,3,2,0,154991.0
8635,1184.0,1072.0,1072,2,1,0,193586.0
8094,576.0,1048.0,1768,3,2,0,194202.0
9928,216.0,672.0,1944,3,2,0,162336.0
3000,0.0,1040.0,2128,4,2,0,155451.0
6876,316.0,720.0,1930,4,2,0,154904.0
5775,379.0,483.0,1427,3,1,0,112364.0
5852,0.0,1020.0,1864,6,2,1,138403.0
5160,384.0,1204.0,1666,3,1,0,161129.0
5160,0.0,858.0,892,1,1,0,100922.0
10320,308.0,698.0,1403,3,1,1,141513.0
4280,220.0,560.0,704,2,1,0,77535.0
10800,0.0,1200.0,1200,3,3,0,155093.0
10547,252.0,1152.0,1152,2,2,0,160063.0
9780,226.0,585.0,1112,4,2,0,102203.0
11625,668.0,1052.0,1052,3,1,1,166838.0
8014,504.0,456.0,1034,3,1,0,101390.0
15400,384.0,552.0,1774,4,2,0,153171.0
15312,480.0,1138.0,1138,3,1,0,148750.0
15584,336.0,825.0,2071,4,1,1,179502.0
9000,0.0,0.0,660,2,1,0,37713.0
15635,498.0,0.0,1383,2,1,0,117855.0
9571,340.0,1073.0,1073,2,1,0,137666.0
9350,240.0,747.0,1639,3,1,1,150700.0
7440,252.0,1089.0,1089,3,1,0,118595.0
4235,266.0,1049.0,1049,2,2,0,142614.0
10778,462.0,1054.0,1061,1,1,1,176746.0
19255,576.0,520.0,1338,2,1,1,170303.0
10560,473.0,1079.0,1879,3,2,1,216468.0
26400,576.0,0.0,2016,4,1,0,145516.0
7018,720.0,0.0,2228,6,2,0,137434.0
7018,400.0,0.0,1535,4,2,0,103378.0
7040,672.0,1094.0,1229,2,0,2,184959.0
7007,400.0,0.0,1513,4,2,0,102199.0
11855,820.0,1168.0,2787,6,4,2,314403.0
7939,820.0,1168.0,2787,6,4,2,309611.0
7976,820.0,1168.0,2787,6,4,2,309656.0
10933,1138.0,1555.0,1680,1,1,1,280885.0
10816,846.0,1720.0,1720,3,2,0,247319.0
9178,904.0,1468.0,1468,3,2,0,223133.0
11422,524.0,1838.0,1838,3,2,0,238476.0
6762,662.0,1282.0,1290,2,2,0,197096.0
10324,810.0,1254.0,1254,2,2,0,208155.0
11645,844.0,1498.0,1498,3,2,0,225196.0
11646,440.0,704.0,1422,3,2,1,172364.0
16698,525.0,1449.0,1759,3,2,1,239890.0
9757,440.0,990.0,990,3,1,0,123907.0
14753,539.0,1463.0,1463,3,2,0,204714.0
8750,492.0,928.0,1772,3,2,1,202225.0
10739,577.0,1431.0,1444,3,2,0,199748.0
11166,608.0,1492.0,1492,3,2,0,208003.0
16269,343.0,907.0,907,3,1,0,116706.0
6950,444.0,914.0,914,2,1,0,125028.0
11664,1231.0,1569.0,1611,3,2,0,261014.0
12334,570.0,1068.0,2184,4,2,1,228645.0
8749,550.0,840.0,1725,3,2,1,199206.0
11250,608.0,944.0,1870,3,2,1,219142.0
15750,521.0,1462.0,1513,2,2,0,219472.0
12782,523.0,1822.0,1828,3,2,0,238733.0
8750,511.0,1417.0,1417,3,2,0,190704.0
10200,810.0,1578.0,1602,3,2,0,230685.0
11069,440.0,608.0,1396,3,2,1,165418.0
10682,544.0,1014.0,1149,3,1,0,141720.0
3675,525.0,547.0,1072,2,1,0,116285.0
6410,320.0,876.0,876,3,1,0,99871.0
11767,195.0,1078.0,1368,3,1,0,134248.0
10926,0.0,1678.0,1678,6,2,0,149316.0
11767,313.0,1150.0,1560,2,1,0,168217.0
8212,256.0,720.0,1298,3,1,0,112188.0
6300,250.0,832.0,1268,3,1,1,132303.0
5707,180.0,583.0,1242,3,1,1,112845.0
8574,440.0,816.0,1232,3,1,0,126462.0
7155,215.0,600.0,1228,3,1,0,98331.0
13680,440.0,840.0,1567,2,1,1,182605.0
14680,307.0,1273.0,1273,2,1,0,162406.0
8145,400.0,920.0,2480,5,2,1,208022.0
9100,390.0,1112.0,1112,2,1,0,144517.0
13339,463.0,1561.0,1561,3,2,0,207990.0
15600,295.0,1067.0,1523,3,2,0,172341.0
17500,576.0,1310.0,1906,3,1,1,226092.0
1733,452.0,516.0,1032,2,1,0,105274.0
1488,462.0,561.0,1229,2,1,1,137141.0
1612,462.0,561.0,1229,2,1,1,137293.0
13607,501.0,572.0,1982,3,2,1,201867.0
17597,551.0,1803.0,2365,3,2,0,273999.0
8660,576.0,760.0,2168,5,2,0,177169.0
10200,200.0,572.0,572,2,1,0,77042.0
3843,482.0,1596.0,1648,2,2,0,216196.0
21780,280.0,0.0,810,1,1,0,92424.0
10125,642.0,1107.0,2052,3,2,1,237964.0
9750,351.0,902.0,926,2,1,0,122183.0
9360,541.0,957.0,1287,2,1,1,175257.0
11070,672.0,1582.0,1595,2,2,0,234394.0
13438,780.0,2190.0,2036,3,2,0,286600.0
14463,885.0,1641.0,1641,3,2,0,246239.0
9839,440.0,712.0,2237,3,2,1,213720.0
14419,578.0,1645.0,1479,3,2,1,235790.0
9157,486.0,912.0,2014,3,2,1,214322.0
12633,920.0,1978.0,1978,2,2,0,293448.0
12518,384.0,1008.0,1008,3,1,0,125358.0
13383,504.0,1188.0,1404,3,2,0,183612.0
7689,336.0,796.0,796,2,1,0,106391.0
7706,429.0,384.0,1091,2,1,0,107465.0
7669,698.0,828.0,883,2,1,0,137115.0
10429,440.0,624.0,1287,3,1,1,140696.0
10457,898.0,784.0,1632,4,1,1,185969.0
8702,470.0,926.0,1604,3,2,1,191677.0
8139,420.0,680.0,1470,3,2,1,168044.0
9535,472.0,926.0,1604,3,2,1,192832.0
15038,386.0,916.0,1636,3,2,1,194930.0
14137,404.0,1348.0,1384,3,2,0,184807.0
6264,528.0,1664.0,1682,1,1,1,239480.0
5070,506.0,1280.0,1280,2,2,0,183827.0
11184,460.0,932.0,1633,3,2,1,195877.0
14067,416.0,836.0,1709,3,2,1,195587.0
5950,462.0,1337.0,1337,2,2,0,187830.0
13543,683.0,1168.0,2500,5,3,1,266396.0
15401,670.0,1884.0,1884,2,2,0,270162.0
31220,495.0,1632.0,1474,3,1,0,212052.0
8118,557.0,1710.0,1710,2,2,0,235566.0
47280,738.0,1488.0,1488,3,2,1,279368.0
12680,528.0,1675.0,1688,2,2,0,236247.0
10825,598.0,1260.0,1260,3,2,0,182869.0
18559,550.0,2048.0,2064,3,2,0,271578.0
14450,551.0,1782.0,1782,3,2,0,238209.0
13068,461.0,1211.0,1211,3,2,0,171258.0
10400,489.0,738.0,2044,3,2,1,208822.0
9743,484.0,720.0,1308,3,1,1,148812.0
12511,1314.0,1420.0,2840,4,2,1,331829.0
10400,473.0,1444.0,1444,2,2,0,205108.0
14311,787.0,1236.0,2340,4,2,1,262535.0
9000,480.0,896.0,1792,4,2,2,207773.0
10295,288.0,936.0,936,2,1,0,120835.0
7560,576.0,864.0,864,3,1,0,117375.0
1680,264.0,483.0,987,2,1,1,107197.0
1890,352.0,483.0,987,2,1,1,113415.0
1680,264.0,630.0,1302,3,2,1,138143.0
2308,460.0,855.0,1456,4,2,1,159580.0
2529,440.0,1055.0,1055,2,2,0,152934.0
12704,905.0,1582.0,1582,3,2,0,239328.0
13693,650.0,2418.0,2464,4,2,1,318939.0
14418,706.0,1950.0,1950,2,2,0,278236.0
13418,850.0,1850.0,2748,4,2,1,318419.0
12539,1150.0,1620.0,2790,4,2,1,328238.0
12151,1003.0,1414.0,2331,3,2,1,295223.0
8899,656.0,948.0,2088,4,2,1,219104.0
10574,756.0,1148.0,2332,4,2,1,250980.0
12720,789.0,2535.0,2470,1,1,1,350912.0
10845,732.0,1603.0,1575,2,2,0,238188.0
16900,746.0,1479.0,2649,4,2,1,291600.0
16451,795.0,1765.0,2690,4,2,1,311028.0
10110,870.0,1858.0,1866,2,2,0,274964.0
12304,484.0,1367.0,1367,2,2,0,200205.0
8232,944.0,1800.0,1800,2,2,0,271245.0
6240,550.0,1342.0,1342,2,2,0,194664.0
6240,550.0,1342.0,1342,2,2,0,194664.0
2448,474.0,764.0,1626,2,2,1,189414.0
3940,644.0,1415.0,1455,2,2,0,207898.0
3940,668.0,1393.0,1576,2,2,0,214818.0
3710,428.0,1146.0,1246,2,2,0,168291.0
9024,393.0,789.0,1515,3,2,1,175203.0
8010,400.0,840.0,1720,3,2,1,187876.0
8396,434.0,847.0,1986,4,2,1,192933.0
7301,484.0,1350.0,1358,2,2,0,192744.0
8220,431.0,982.0,1892,3,2,1,206535.0
7750,403.0,707.0,1414,3,2,1,164818.0
12460,400.0,1037.0,2322,4,2,1,223022.0
8390,450.0,831.0,1651,3,2,1,187618.0
9660,516.0,1173.0,2199,3,2,1,239988.0
11000,687.0,1519.0,2172,4,2,1,257147.0
11675,938.0,1982.0,2006,2,2,0,295181.0
10990,576.0,1064.0,2125,4,2,1,224079.0
11929,751.0,1242.0,2501,4,2,1,266012.0
10010,783.0,1080.0,2197,4,2,1,241525.0
13253,642.0,1578.0,1578,3,2,0,221771.0
9801,851.0,1341.0,1861,3,3,0,253662.0
9428,880.0,955.0,1874,3,2,1,236106.0
10037,480.0,1460.0,1460,3,2,0,194635.0
8640,588.0,1363.0,1372,3,2,0,190667.0
10625,660.0,1660.0,1660,3,2,0,228270.0
7500,462.0,1218.0,1218,2,2,0,177397.0
10110,542.0,835.0,1696,3,2,1,198540.0
12774,478.0,835.0,1663,3,2,1,195718.0
13072,0.0,1175.0,1175,3,1,0,117329.0
9260,483.0,1162.0,1162,3,2,0,163010.0
8453,525.0,754.0,1609,3,2,1,186650.0
8480,474.0,886.0,1680,3,2,1,193675.0
14565,483.0,832.0,1657,3,2,1,197779.0
8450,627.0,827.0,1677,3,2,1,200855.0
8285,506.0,836.0,1737,3,2,1,196090.0
9100,384.0,984.0,984,3,1,0,118688.0
8100,420.0,864.0,864,3,1,0,107469.0
8450,308.0,890.0,890,3,1,0,103005.0
6360,276.0,864.0,864,3,1,0,95586.0
19508,484.0,1430.0,1430,3,2,0,203388.0
10759,490.0,1001.0,1641,4,2,0,170371.0
9205,473.0,930.0,2683,4,2,1,237682.0
11025,636.0,1848.0,2786,4,2,1,302906.0
3435,495.0,1235.0,1245,1,2,0,189109.0
3180,480.0,600.0,1200,2,2,1,159848.0
3180,540.0,689.0,1392,2,2,0,159812.0
2280,440.0,744.0,1549,3,2,1,169654.0
4765,495.0,1614.0,1638,2,2,0,218587.0
4538,545.0,1310.0,1310,1,1,1,200886.0
4385,588.0,1419.0,1419,2,1,1,202745.0
4109,484.0,1557.0,1557,2,2,0,209862.0
2160,462.0,672.0,1404,3,2,1,159671.0
10646,546.0,858.0,1789,3,2,1,205557.0
2645,480.0,960.0,1586,3,2,1,185711.0
2645,480.0,960.0,1607,3,2,1,186823.0
3951,846.0,970.0,2393,2,2,1,267506.0
11064,477.0,1230.0,1239,1,1,1,196454.0
24572,864.0,994.0,2944,3,2,2,330975.0
16280,550.0,1426.0,1671,3,3,0,235446.0
7500,469.0,952.0,1812,3,2,1,202471.0
11104,516.0,1427.0,1427,4,2,0,182800.0
11050,512.0,1740.0,1740,4,1,1,214693.0
15387,578.0,1620.0,1620,4,2,0,212238.0
9750,484.0,1625.0,1625,4,2,0,199491.0
8814,470.0,732.0,1464,4,1,1,143436.0
8125,576.0,912.0,925,3,1,0,123728.0
11072,576.0,1728.0,1728,6,2,0,193692.0
13355,464.0,825.0,1670,4,1,1,164207.0
7785,267.0,0.0,1014,2,1,0,73059.0
9900,451.0,1114.0,1114,3,1,0,137675.0
11332,264.0,1118.0,1118,3,1,0,127176.0
4882,231.0,348.0,906,2,1,0,78976.0
9600,450.0,1296.0,1496,3,2,0,185667.0
9600,264.0,572.0,1337,3,1,0,108997.0
7584,312.0,1036.0,1036,3,1,0,117344.0
14670,480.0,1104.0,1988,4,2,1,216851.0
8856,292.0,1176.0,1176,3,1,0,132052.0
9840,480.0,1248.0,1440,2,2,0,194756.0
13200,441.0,1395.0,1570,3,1,0,179420.0
10425,384.0,1104.0,1104,3,1,0,132743.0
11556,240.0,720.0,882,2,1,0,105326.0
9373,636.0,1152.0,1152,3,1,1,172276.0
12774,400.0,984.0,950,2,1,0,134628.0
14250,540.0,998.0,1790,3,2,0,197930.0
8838,301.0,0.0,1764,4,2,1,129804.0
12436,484.0,1824.0,1824,5,2,0,211237.0
10122,390.0,0.0,869,1,1,0,88732.0
7506,288.0,747.0,1159,3,1,0,107498.0
5400,308.0,672.0,672,2,1,0,88845.0
10836,1488.0,892.0,1436,3,1,0,214871.0
10180,372.0,912.0,1044,3,1,1,137504.0
11355,495.0,1312.0,1312,3,1,1,181729.0
12929,401.0,1081.0,1081,3,1,0,134576.0
7200,576.0,876.0,876,2,1,0,130338.0
8000,311.0,1256.0,1256,3,1,1,159357.0
8000,299.0,1027.0,1027,3,1,0,116040.0
8064,576.0,768.0,1320,3,2,0,156256.0
6390,280.0,936.0,984,2,1,0,118056.0
7200,240.0,854.0,1278,4,1,0,103434.0
8513,0.0,1800.0,1800,6,2,0,159004.0
7200,480.0,768.0,1588,3,1,1,162689.0
7200,350.0,825.0,825,2,1,0,109746.0
7590,264.0,1117.0,1117,3,1,0,122492.0
9836,308.0,192.0,1133,3,1,0,82214.0
9184,400.0,780.0,1323,3,1,0,127495.0
4800,330.0,680.0,1360,2,1,0,126442.0
4800,256.0,672.0,672,2,1,0,84588.0
6000,308.0,728.0,1456,4,1,1,128392.0
11426,0.0,828.0,1594,3,2,0,138905.0
7628,440.0,801.0,1656,2,2,0,178137.0
7308,225.0,936.0,1740,2,1,0,155491.0
5400,0.0,931.0,1027,2,1,0,99902.0
10800,828.0,884.0,1436,3,2,0,188693.0
6756,200.0,481.0,899,2,1,0,85536.0
5914,0.0,684.0,1080,3,1,0,78666.0
9000,869.0,904.0,1499,3,1,0,174640.0
7311,297.0,407.0,407,1,1,0,75141.0
12205,0.0,448.0,1588,5,2,0,95971.0
9142,420.0,797.0,1627,4,2,0,152576.0
5350,288.0,624.0,1450,3,1,0,114040.0
9143,308.0,346.0,1017,2,1,0,95183.0
9600,393.0,973.0,2350,4,2,0,198512.0
6000,0.0,572.0,1540,3,1,1,116236.0
11340,400.0,723.0,1086,2,1,0,126855.0
10800,342.0,1313.0,2495,5,2,0,209268.0
9750,308.0,984.0,984,2,1,0,126496.0
8516,308.0,869.0,1093,2,1,0,124933.0
7111,288.0,1008.0,1143,2,1,0,131548.0
7425,252.0,672.0,1668,3,1,1,146894.0
7010,240.0,1024.0,1738,3,2,0,167311.0
5000,240.0,672.0,1210,3,1,0,100081.0
5870,200.0,554.0,1290,3,1,1,115473.0
6000,240.0,981.0,1672,3,1,1,160201.0
6000,370.0,949.0,949,2,1,0,122480.0
6000,672.0,825.0,1497,3,2,0,172494.0
6000,240.0,739.0,1342,2,2,0,142827.0
5000,160.0,992.0,1013,3,1,0,100439.0
5520,355.0,565.0,1216,3,1,0,103405.0
6240,336.0,704.0,1136,2,1,0,117964.0
6120,164.0,0.0,808,1,1,0,65295.0
6240,400.0,989.0,2009,4,2,0,177626.0
6120,576.0,1100.0,1902,4,2,0,189356.0
9144,672.0,810.0,1716,4,2,0,175019.0
8094,360.0,1242.0,1984,5,2,0,176516.0
4347,228.0,796.0,1609,3,1,0,125881.0
6291,440.0,768.0,768,1,1,0,120984.0
10266,308.0,768.0,1536,4,1,1,139876.0
6876,400.0,1272.0,1969,4,2,0,190621.0
10320,400.0,880.0,1308,2,2,0,164293.0
7200,320.0,1040.0,1040,2,1,0,129990.0
7006,384.0,768.0,1236,3,2,0,137507.0
10320,576.0,451.0,759,1,1,0,118593.0
10320,0.0,536.0,1344,3,2,0,109520.0
9488,240.0,1046.0,1054,3,1,0,116257.0
11235,440.0,981.0,1075,3,1,0,129762.0
13014,484.0,1008.0,1096,3,1,0,137399.0
10265,294.0,992.0,992,3,1,0,114847.0
7703,504.0,450.0,1034,3,1,0,100705.0
9981,270.0,1073.0,1073,3,1,0,121266.0
7400,506.0,1060.0,1126,2,1,0,148402.0
12900,400.0,1300.0,1140,3,1,0,148691.0
9239,300.0,960.0,960,3,1,0,110682.0
14175,621.0,988.0,1188,1,1,0,176280.0
10532,626.0,988.0,1721,3,2,0,195044.0
8375,627.0,576.0,1350,2,1,1,163914.0
10200,912.0,864.0,904,3,1,0,145484.0
20270,478.0,1524.0,1524,3,2,0,213654.0
5190,249.0,570.0,1079,2,1,0,100979.0
19550,0.0,1580.0,1518,2,1,0,176097.0
9571,322.0,1509.0,1509,3,1,0,169462.0
9350,0.0,864.0,864,2,1,0,92710.0
9360,280.0,621.0,1269,3,1,1,127444.0
9771,614.0,1077.0,2814,4,2,1,262309.0
9938,534.0,1602.0,1626,3,2,1,232933.0
14171,453.0,812.0,2200,4,2,1,210848.0
10541,472.0,672.0,2037,3,2,1,204129.0
10616,484.0,628.0,1356,3,2,1,166739.0
9345,864.0,1615.0,1615,3,2,0,235859.0
11778,1348.0,2271.0,2276,3,2,0,339856.0
11778,874.0,1751.0,1766,3,2,1,273176.0
11454,811.0,1401.0,1511,3,2,0,218502.0
11500,438.0,1182.0,1643,2,2,0,201351.0
9750,528.0,990.0,990,3,1,0,129859.0
8696,558.0,1418.0,1418,3,2,0,193925.0
13142,600.0,864.0,1771,3,2,1,211621.0
8998,532.0,782.0,1652,3,2,1,191487.0
12192,626.0,928.0,1823,3,2,1,218215.0
12250,528.0,864.0,1174,3,1,0,136281.0
9216,576.0,1076.0,1076,3,1,1,160145.0
14330,440.0,864.0,1558,2,2,0,184340.0
10400,570.0,1257.0,2161,3,2,1,246794.0
9720,725.0,1357.0,1947,3,2,1,250193.0
14860,715.0,1778.0,1786,3,2,0,249828.0
10905,596.0,1129.0,2327,4,2,1,239321.0
11690,560.0,850.0,1764,3,2,1,206054.0
4426,420.0,848.0,848,1,1,0,125636.0
10126,721.0,1838.0,1838,2,2,0,262395.0
9750,470.0,1445.0,1445,3,2,0,192052.0
11058,814.0,1564.0,1564,3,2,0,229284.0
9627,610.0,1351.0,1361,3,2,0,192175.0
9825,264.0,1092.0,1092,3,1,0,122637.0
12102,504.0,456.0,1033,3,1,0,106340.0
6500,480.0,1127.0,1127,3,1,1,155602.0
9638,542.0,1029.0,1117,3,1,0,139372.0
7200,440.0,684.0,1398,3,1,1,145662.0
47007,624.0,0.0,3820,5,3,1,314097.0
6012,0.0,0.0,1152,2,2,0,79089.0
6845,0.0,0.0,1152,2,2,0,80109.0
6931,0.0,784.0,784,2,1,0,81461.0
12180,0.0,585.0,1053,2,1,1,110827.0
8050,0.0,0.0,1137,4,1,1,56268.0
9520,286.0,911.0,930,2,1,0,118167.0
7692,312.0,416.0,1204,3,1,0,94967.0
5142,205.0,949.0,1292,3,1,1,135035.0
7290,312.0,1228.0,1424,2,2,0,178396.0
7804,480.0,960.0,1920,4,2,2,216330.0
8969,369.0,644.0,1316,2,1,0,130032.0
15564,400.0,676.0,1264,3,1,0,126910.0
7609,180.0,798.0,1512,3,2,0,140563.0
9650,599.0,784.0,1603,4,1,0,144415.0
11700,240.0,942.0,1938,4,2,0,167329.0
9260,225.0,884.0,1374,3,1,0,123703.0
7801,344.0,1091.0,1091,2,1,0,137636.0
9670,786.0,608.0,1873,4,1,1,181267.0
12392,506.0,832.0,2161,3,2,1,223369.0
26073,484.0,1898.0,1898,3,2,1,278691.0
1879,462.0,516.0,1032,2,1,0,106131.0
7000,195.0,894.0,919,2,1,0,107475.0
6000,240.0,720.0,1090,3,1,0,97381.0
8155,0.0,780.0,1200,4,1,0,80466.0
6000,288.0,624.0,1656,3,1,1,144522.0
7392,360.0,520.0,912,2,1,0,99816.0
9000,356.0,1151.0,1955,4,2,0,183369.0
14584,487.0,0.0,733,2,1,0,81400.0
5280,185.0,173.0,1361,2,1,0,91579.0
5150,195.0,356.0,1049,2,1,0,84844.0
9000,216.0,592.0,864,3,1,1,99751.0
3843,525.0,1596.0,1648,2,2,0,219109.0
3811,482.0,1594.0,1646,2,2,0,215949.0
23730,786.0,1840.0,2032,3,3,0,300639.0
11050,816.0,910.0,1820,3,2,1,228616.0
10260,484.0,0.0,1872,4,2,2,168436.0
9990,432.0,1680.0,1689,3,2,0,214598.0
4084,512.0,1277.0,1501,2,2,0,194579.0
11563,788.0,1518.0,1537,3,2,0,224381.0
12852,612.0,920.0,1780,3,2,1,215392.0
9802,400.0,352.0,1442,3,2,1,150627.0
12018,666.0,796.0,1612,3,2,1,202851.0
12890,438.0,1495.0,1495,3,2,0,198908.0
18265,578.0,1256.0,1256,3,2,0,190206.0
11202,467.0,1432.0,1440,3,2,0,192703.0
7915,435.0,1666.0,1675,3,2,0,210811.0
11449,520.0,1884.0,1728,3,2,0,234743.0
11447,892.0,1964.0,1964,3,2,1,295266.0
8940,784.0,1344.0,1344,2,2,0,214025.0
9278,0.0,1092.0,1092,2,1,0,116246.0
4500,392.0,1189.0,1189,2,2,0,165979.0
14137,850.0,1200.0,1200,3,1,0,178798.0
4224,499.0,1040.0,1040,3,1,0,126313.0
2665,336.0,550.0,1475,4,2,0,118398.0
1974,297.0,526.0,988,2,1,0,93247.0
1596,297.0,462.0,988,1,1,0,101703.0
17979,257.0,1113.0,1160,3,1,0,136807.0
1477,0.0,546.0,1092,3,2,1,104635.0
6490,264.0,816.0,816,2,1,0,102119.0
6600,264.0,845.0,845,3,1,0,93098.0
12395,484.0,864.0,889,3,1,0,118385.0
56600,288.0,686.0,1836,4,2,0,207161.0
10667,525.0,1587.0,1587,3,2,0,211613.0
8872,390.0,384.0,1384,3,2,1,147361.0
10147,398.0,392.0,1694,3,2,1,166286.0
8637,451.0,923.0,1714,3,2,1,195984.0
7875,420.0,691.0,1553,3,2,1,172674.0
7500,482.0,938.0,2299,5,3,1,223090.0
9556,420.0,1168.0,1187,3,2,0,160733.0
7655,392.0,903.0,1642,3,2,1,185960.0
18160,480.0,1302.0,1128,3,1,0,160013.0
4740,480.0,1166.0,1179,2,2,0,170539.0
5118,484.0,1312.0,1321,1,1,0,179371.0
12328,729.0,1149.0,2541,4,3,1,281395.0
51974,1110.0,2660.0,2338,4,2,1,402532.0
41600,828.0,1100.0,1424,3,1,1,236492.0
8035,556.0,1612.0,1612,2,2,0,225243.0
14082,724.0,2220.0,2234,1,1,1,319721.0
13870,724.0,1742.0,2042,3,2,0,260961.0
10960,480.0,1284.0,1284,3,2,0,177529.0
12090,484.0,725.0,1479,3,2,1,179971.0
12299,663.0,1529.0,1664,3,2,0,224098.0
11339,481.0,780.0,1930,4,2,1,193359.0
11850,495.0,1153.0,1177,3,2,0,167331.0
10400,478.0,1259.0,1353,2,2,0,191256.0
13001,944.0,1625.0,1220,2,2,0,237500.0
8991,585.0,1228.0,1324,3,2,0,181513.0
8000,488.0,1084.0,1877,4,2,1,202338.0
9457,576.0,925.0,1422,3,1,0,152338.0
7920,368.0,914.0,914,3,1,0,108907.0
17199,270.0,914.0,914,2,1,0,125785.0
4113,511.0,1337.0,1337,2,2,0,188901.0
10943,522.0,1405.0,1337,2,2,0,201449.0
2205,264.0,525.0,1092,3,1,1,103368.0
2058,264.0,672.0,1218,4,1,1,105146.0
2304,319.0,1061.0,1055,2,2,0,144766.0
7150,360.0,988.0,988,3,1,0,115090.0
12469,730.0,1790.0,1816,3,2,0,250115.0
11825,856.0,1694.0,1694,3,2,0,246538.0
14333,938.0,2108.0,2122,2,2,1,329736.0
13641,1040.0,1934.0,2656,3,2,1,343105.0
13440,670.0,1108.0,2550,4,2,1,258182.0
15431,878.0,1994.0,2046,2,2,1,317216.0
13891,932.0,2552.0,2552,3,2,0,343115.0
13654,814.0,1704.0,2758,4,2,1,309403.0
17169,1174.0,2320.0,2290,2,2,1,368829.0
16659,728.0,1582.0,2152,3,2,1,281142.0
9709,786.0,918.0,2100,3,2,1,240177.0
13615,843.0,1802.0,1802,3,2,1,277815.0
13069,916.0,1706.0,2956,5,2,1,314023.0
14277,818.0,1317.0,2385,3,2,1,283240.0
12568,774.0,895.0,1818,3,2,1,226764.0
9926,878.0,1614.0,1614,3,2,0,237415.0
9254,554.0,1721.0,1721,3,2,0,225732.0
10732,876.0,1298.0,1828,3,2,1,252369.0
3901,631.0,1302.0,1302,1,1,1,205103.0
3903,631.0,1302.0,1302,1,1,1,205105.0
6289,460.0,1362.0,1362,2,2,0,190700.0
4590,627.0,1554.0,1554,2,2,0,219826.0
7841,564.0,1577.0,1577,2,2,0,221921.0
6240,550.0,1324.0,1324,2,2,0,192799.0
3242,478.0,1405.0,1405,2,2,0,192645.0
15810,572.0,768.0,1496,3,3,0,193763.0
10237,400.0,768.0,1536,3,2,1,177210.0
13204,454.0,608.0,1458,3,2,0,153486.0
8857,440.0,738.0,1495,3,2,1,174539.0
9729,350.0,698.0,1746,3,2,1,180777.0
12216,388.0,1326.0,1326,3,2,0,177186.0
8229,440.0,752.0,1504,3,2,1,174957.0
7713,400.0,728.0,1456,3,2,1,167858.0
7697,462.0,1246.0,1258,3,2,0,169014.0
3621,630.0,1406.0,1589,2,2,0,213200.0
3710,388.0,1266.0,1266,2,2,0,172719.0
16219,437.0,835.0,1119,2,2,0,161730.0
11084,400.0,384.0,1374,3,2,1,150216.0
10936,534.0,1510.0,1525,3,2,1,224145.0
11950,400.0,384.0,1394,3,2,1,152335.0
7875,434.0,847.0,1948,4,2,1,190283.0
8740,435.0,854.0,1995,4,2,1,194253.0
9487,442.0,915.0,1690,3,2,1,194739.0
9649,460.0,941.0,1644,3,2,1,195037.0
12191,925.0,1779.0,2551,4,2,1,307968.0
10557,806.0,1408.0,3078,4,2,1,307024.0
11002,758.0,1389.0,2582,4,2,1,277087.0
10790,600.0,1066.0,2385,4,2,1,239331.0
11762,517.0,1105.0,2202,4,2,1,227183.0
9044,933.0,1325.0,2538,4,2,1,280973.0
9910,605.0,1369.0,1369,3,2,0,193518.0
11830,852.0,1542.0,1542,3,2,0,230524.0
10612,484.0,1524.0,1534,3,2,0,202771.0
12291,1092.0,1966.0,1966,1,2,0,315597.0
9965,480.0,1528.0,1528,3,3,2,258123.0
8847,484.0,1538.0,1538,3,2,0,201531.0
8251,672.0,1494.0,1506,3,2,0,209613.0
9605,574.0,982.0,1977,3,2,1,222418.0
8778,859.0,1302.0,1830,3,2,1,249135.0
8640,598.0,1338.0,1338,3,2,0,188277.0
9000,575.0,1335.0,1335,3,2,0,186849.0
8640,590.0,896.0,1792,3,2,1,208167.0
10411,561.0,725.0,1588,3,3,0,189105.0
12217,880.0,955.0,1880,3,2,1,239837.0
10440,594.0,1574.0,1584,2,2,0,227352.0
11824,658.0,1685.0,1685,2,2,0,244353.0
10625,744.0,1158.0,2443,4,2,1,256615.0
7500,0.0,1100.0,1100,3,1,1,121515.0
7500,0.0,1143.0,1143,3,1,1,125971.0
12450,576.0,1094.0,1094,3,1,0,147191.0
7441,566.0,1461.0,1486,3,2,0,198711.0
11613,492.0,864.0,1820,3,2,1,205029.0
8012,283.0,630.0,1266,2,1,1,138455.0
6285,308.0,894.0,894,2,1,0,112930.0
7476,686.0,1040.0,1040,3,1,1,161736.0
19522,564.0,1223.0,2503,3,2,1,273941.0
10751,431.0,1037.0,1037,2,1,0,141544.0
12712,542.0,1044.0,1055,2,1,0,152771.0
4379,540.0,1378.0,1378,2,2,0,195439.0
3523,484.0,1141.0,1151,2,2,0,166571.0
3784,476.0,1511.0,1565,2,2,0,207016.0
3606,466.0,1352.0,1352,2,2,0,186786.0
5330,528.0,1550.0,1550,2,2,1,232388.0
2280,440.0,744.0,1501,3,2,1,167112.0
2117,440.0,756.0,1573,3,2,1,171333.0
7321,625.0,1339.0,1358,3,2,0,189602.0
8010,552.0,1054.0,2048,3,2,1,226383.0
8413,1105.0,1220.0,2362,3,2,1,289372.0
9466,478.0,1494.0,1494,1,1,1,221444.0
12000,546.0,2002.0,2362,3,2,1,295509.0
17778,676.0,2461.0,2497,2,2,0,335169.0
11700,412.0,912.0,1152,3,1,1,147794.0
8000,570.0,1008.0,2411,4,2,1,232324.0
8723,480.0,973.0,1082,3,1,0,129362.0
11700,528.0,1295.0,1295,3,1,1,182625.0
11358,515.0,1124.0,1610,3,2,0,189547.0
9547,472.0,1594.0,1594,2,2,0,219538.0
10530,473.0,1148.0,2075,3,2,1,230307.0
10738,484.0,1093.0,1093,3,2,0,157738.0
10800,311.0,1052.0,1052,3,1,0,122870.0
8050,308.0,949.0,1107,3,1,0,116996.0
10899,530.0,0.0,1224,2,2,0,124783.0
7450,396.0,894.0,1074,2,1,0,129850.0
14357,440.0,864.0,1187,2,1,0,145748.0
8243,784.0,964.0,964,3,1,0,142661.0
8680,312.0,894.0,894,3,1,0,103972.0
8800,440.0,1174.0,1200,3,2,0,162155.0
9200,440.0,1042.0,1042,3,2,0,147591.0
8800,539.0,845.0,2154,5,2,1,197175.0
11382,286.0,1130.0,1374,3,1,0,142893.0
22002,510.0,1592.0,1652,3,1,1,227964.0
12172,512.0,822.0,908,2,1,0,131047.0
5000,0.0,666.0,666,2,1,0,66871.0
3500,0.0,370.0,670,2,1,0,50253.0
5175,308.0,808.0,808,2,1,0,102661.0
9600,288.0,1078.0,1150,2,1,0,138511.0
8668,792.0,1560.0,1560,4,2,0,212294.0
10050,432.0,793.0,1280,3,2,0,148080.0
9600,525.0,1218.0,1254,3,1,0,155003.0
8760,315.0,936.0,936,2,1,0,120785.0
6860,308.0,1008.0,1008,3,1,0,113286.0
8250,692.0,1053.0,1053,3,1,0,145660.0
9100,336.0,1144.0,1144,3,1,0,132015.0
9736,464.0,1331.0,1721,4,1,0,169333.0
9770,308.0,922.0,922,2,1,0,120096.0
12198,310.0,1204.0,1411,3,1,0,151225.0
10050,336.0,1216.0,1216,3,1,0,140638.0
11556,336.0,864.0,1154,3,1,1,140144.0
8078,484.0,1560.0,1560,4,2,0,190709.0
10950,410.0,948.0,948,2,1,0,131144.0
7942,293.0,1040.0,1040,3,1,0,116909.0
8540,252.0,925.0,925,3,1,0,102948.0
7150,352.0,1190.0,1540,4,1,0,141854.0
8400,390.0,923.0,925,3,1,0,112023.0
9532,280.0,1105.0,1647,3,1,0,153414.0
15783,420.0,924.0,924,2,1,0,135249.0
14190,0.0,925.0,1544,3,2,0,144553.0
12099,371.0,1216.0,1728,3,1,0,172632.0
21281,1200.0,666.0,3086,4,3,1,328652.0
10284,580.0,1151.0,1281,1,2,0,200900.0
10800,0.0,736.0,1534,3,1,1,130100.0
10090,276.0,725.0,1651,4,2,0,141606.0
8700,240.0,920.0,888,3,1,0,100119.0
8300,288.0,952.0,952,3,1,0,107891.0
7200,357.0,864.0,1238,3,1,1,140684.0
7500,286.0,1040.0,1040,3,1,0,115894.0
7315,338.0,1170.0,1170,3,1,0,132660.0
7903,324.0,1242.0,1242,3,1,1,158668.0
8000,351.0,1377.0,1377,3,1,0,155827.0
7000,300.0,0.0,925,3,1,0,57460.0
6600,294.0,864.0,864,2,1,0,109259.0
6760,288.0,896.0,936,3,1,0,102322.0
6978,576.0,850.0,960,2,1,0,133198.0
6000,576.0,845.0,1296,3,1,0,137382.0
4480,184.0,1022.0,1022,2,1,0,115585.0
3153,180.0,967.0,967,2,1,0,107991.0
7200,379.0,808.0,1072,2,1,0,123930.0
9000,576.0,680.0,1174,2,1,0,138395.0
5925,252.0,570.0,1141,3,1,0,93205.0
9639,342.0,1075.0,1798,4,2,1,189815.0
10337,816.0,725.0,1772,3,2,1,215831.0
9863,374.0,728.0,1642,4,1,1,147441.0
4571,480.0,616.0,1232,3,1,0,114141.0
8398,468.0,926.0,1650,3,2,0,174829.0
3600,336.0,687.0,1358,3,1,1,132245.0
13500,576.0,819.0,2454,3,2,0,225548.0
8626,331.0,0.0,968,2,1,0,75987.0
11800,384.0,0.0,1382,1,2,0,136525.0
6854,308.0,756.0,1060,1,1,0,127588.0
8674,308.0,910.0,1435,3,1,0,133155.0
6125,224.0,728.0,1274,3,2,0,125577.0
6000,217.0,600.0,1232,3,1,1,116042.0
6120,240.0,884.0,884,2,1,0,107086.0
6240,528.0,861.0,1409,3,1,1,159996.0
6240,280.0,672.0,1322,4,1,0,98079.0
6240,230.0,966.0,1426,3,1,0,127253.0
6120,379.0,756.0,1281,2,1,0,131043.0
7755,408.0,1100.0,2264,4,2,1,217926.0
8850,576.0,768.0,1376,3,1,0,141206.0
8550,576.0,750.0,1316,4,1,0,124589.0
5700,456.0,672.0,1344,3,1,1,141442.0
5680,240.0,592.0,1173,3,2,0,113879.0
5680,216.0,969.0,1214,2,1,0,126704.0
13200,658.0,741.0,2294,5,3,0,212967.0
9780,299.0,976.0,1952,4,1,1,171239.0
10320,720.0,1138.0,2180,3,1,1,232858.0
4330,436.0,808.0,1315,3,2,0,143964.0
10320,264.0,771.0,1484,3,2,0,146721.0
12888,498.0,1005.0,2267,3,1,1,218834.0
4484,240.0,672.0,1282,2,1,0,115423.0
11235,308.0,925.0,999,3,1,0,113959.0
11235,572.0,1420.0,1452,2,1,0,193066.0
14299,440.0,1005.0,1005,3,1,0,131020.0
14149,528.0,980.0,1020,3,2,0,155302.0
11677,264.0,1040.0,1040,3,1,0,119516.0
8425,576.0,768.0,868,2,1,0,125943.0
8665,264.0,876.0,897,3,1,0,99949.0
8398,528.0,943.0,943,2,1,0,135495.0
8169,315.0,912.0,912,3,1,0,105415.0
14175,323.0,1240.0,1375,3,1,0,154442.0
16779,638.0,671.0,2654,4,3,0,243673.0
6960,224.0,680.0,1302,2,1,1,137611.0
11375,494.0,967.0,1299,3,1,0,144744.0
13770,303.0,1158.0,1176,3,1,0,137899.0
9000,460.0,0.0,998,3,1,0,74611.0
11075,552.0,1190.0,1522,3,2,0,190389.0
17541,576.0,409.0,1325,3,2,0,149934.0
22692,649.0,1073.0,1630,3,2,0,210970.0
17808,336.0,484.0,1242,2,1,0,126591.0
12671,527.0,1288.0,2422,4,3,0,250094.0
10512,332.0,988.0,1626,3,1,1,169873.0
5400,399.0,864.0,864,3,1,0,102742.0
11515,308.0,0.0,943,3,1,0,64481.0
3869,264.0,1038.0,1038,2,2,0,140891.0
9280,256.0,1342.0,1342,4,1,0,135172.0
11100,253.0,1080.0,1480,4,1,0,131233.0
7550,280.0,951.0,1362,4,2,0,134911.0
23920,515.0,1105.0,1822,4,2,0,203025.0
9317,499.0,779.0,1958,3,2,1,205696.0
9178,870.0,1643.0,1651,3,2,0,239386.0
10481,894.0,2140.0,2140,3,2,1,312455.0
10235,870.0,1643.0,1651,3,2,0,240679.0
11750,796.0,1546.0,1546,3,2,0,227047.0
8760,674.0,1489.0,1500,3,2,0,209800.0
7242,524.0,1270.0,1270,2,2,0,186669.0
9316,578.0,879.0,1795,3,2,1,207479.0
8883,619.0,929.0,1873,3,2,1,216390.0
20064,529.0,966.0,1743,0,0,1,217493.0
14217,747.0,1022.0,1022,3,1,0,153476.0
10021,497.0,635.0,1308,3,2,1,164704.0
8428,384.0,990.0,990,3,1,0,118487.0
16561,242.0,1097.0,1097,3,1,1,148686.0
10820,597.0,988.0,1873,3,2,1,220259.0
12352,534.0,853.0,1753,3,2,1,204673.0
9543,517.0,845.0,1690,3,2,1,196342.0
8826,486.0,985.0,1842,3,2,1,208506.0
11800,440.0,864.0,894,3,1,0,114941.0
8660,370.0,1015.0,1025,3,2,0,139920.0
9720,576.0,995.0,1009,3,2,0,153311.0
8982,748.0,1040.0,1040,3,1,1,167779.0
16300,308.0,876.0,907,3,1,0,112803.0
9675,440.0,864.0,879,3,1,0,111546.0
7200,576.0,864.0,864,3,1,0,116935.0
7200,728.0,385.0,875,3,1,0,103550.0
11354,583.0,1673.0,1673,3,2,0,225293.0
8749,610.0,979.0,1932,3,2,1,221273.0
8158,542.0,860.0,1729,3,2,1,199165.0
11927,484.0,1556.0,1592,3,2,0,209072.0
12728,560.0,1531.0,2439,4,2,1,265408.0
15295,608.0,860.0,1992,3,2,1,226299.0
17227,482.0,1341.0,1341,1,1,1,215360.0
8145,552.0,738.0,1476,3,2,1,180248.0
8769,578.0,1169.0,1190,2,2,0,182842.0
8334,437.0,1330.0,1330,3,2,0,176168.0
8333,484.0,738.0,1491,3,2,1,176667.0
9045,400.0,768.0,1536,3,2,1,175751.0
9825,384.0,936.0,936,2,1,0,126762.0
8308,520.0,1088.0,1088,2,1,0,149867.0
16287,576.0,901.0,1351,3,1,0,155721.0
8240,622.0,1179.0,1179,2,1,0,166122.0
6285,528.0,960.0,1044,3,1,0,126959.0
9555,579.0,0.0,2233,5,2,1,162190.0
7023,489.0,734.0,1408,3,2,1,170804.0
39290,1154.0,5095.0,5095,2,2,1,683664.0
3675,525.0,547.0,1072,2,1,0,116285.0
6400,392.0,960.0,960,2,1,0,125599.0
6882,0.0,0.0,1152,2,2,0,80154.0
8741,0.0,1195.0,1195,4,2,0,120917.0
10042,216.0,660.0,865,2,1,0,97907.0
8172,355.0,768.0,768,2,1,0,105368.0
8172,528.0,864.0,864,3,1,0,114873.0
10890,0.0,1296.0,2592,6,2,0,178327.0
7223,352.0,1290.0,1422,3,1,0,152920.0
6821,240.0,651.0,1298,2,2,0,137044.0
4000,216.0,531.0,1098,2,1,0,96318.0
6720,228.0,585.0,1436,3,1,0,108935.0
7155,225.0,686.0,1461,3,1,0,115705.0
7230,264.0,851.0,1718,4,2,1,166000.0
13108,400.0,0.0,1226,2,1,1,118587.0
7810,231.0,930.0,1755,4,2,0,151659.0
6221,528.0,728.0,1355,3,2,0,150577.0
25485,580.0,1560.0,1560,3,1,1,230475.0
21579,552.0,1488.0,1488,3,2,0,216539.0
1782,462.0,516.0,1045,2,1,0,106700.0
17871,628.0,1680.0,1680,4,2,0,224882.0
3907,509.0,1004.0,1020,1,1,0,148040.0
20693,625.0,1696.0,1696,3,2,0,241951.0
18044,691.0,279.0,2726,2,2,1,256888.0
7000,720.0,720.0,1215,3,1,0,137738.0
7288,0.0,936.0,1601,3,2,0,139682.0
3672,100.0,816.0,816,2,1,0,87561.0
11067,256.0,0.0,845,1,1,0,79541.0
8250,0.0,957.0,1991,4,2,0,150417.0
6565,720.0,1073.0,1073,3,1,0,147567.0
6060,216.0,837.0,1001,2,1,0,109203.0
5568,495.0,1573.0,1625,2,2,0,216804.0
12150,486.0,1001.0,1299,2,2,0,178011.0
10000,650.0,1441.0,1392,3,2,0,201541.0
12864,576.0,1409.0,1409,1,1,1,223433.0
9928,506.0,1454.0,1478,3,2,0,196912.0
8750,360.0,852.0,918,3,1,0,106452.0
8410,528.0,970.0,1026,2,1,0,141273.0
4054,512.0,1501.0,1501,2,2,0,205889.0
19958,461.0,585.0,2279,4,2,1,211157.0
8368,433.0,1689.0,1689,3,2,0,213136.0
8298,502.0,1546.0,1564,2,2,0,216021.0
10331,528.0,1265.0,1240,3,2,0,176717.0
6718,471.0,1267.0,1312,2,2,0,184510.0
11305,692.0,1922.0,1922,2,2,0,270577.0
7777,571.0,1491.0,1491,3,2,0,201245.0
11800,452.0,1122.0,2486,5,3,1,245545.0
12633,932.0,1824.0,1824,3,2,0,266144.0
43500,1041.0,0.0,2034,2,1,0,223215.0
6710,460.0,920.0,936,0,0,1,151408.0
1504,253.0,546.0,1092,3,1,1,102828.0
1533,297.0,530.0,992,2,1,0,93121.0
1495,0.0,546.0,1092,3,1,1,85680.0
1890,286.0,546.0,1092,3,1,1,105536.0
9129,678.0,923.0,1008,1,1,0,161140.0
15957,528.0,1244.0,1356,3,2,0,188682.0
33983,672.0,1160.0,1676,3,1,1,232989.0
8286,531.0,716.0,1432,3,1,1,156576.0
6723,0.0,796.0,796,2,1,0,82449.0
27697,444.0,1396.0,1608,3,1,0,199428.0
11000,502.0,1090.0,1178,3,1,1,163427.0
11625,264.0,816.0,816,2,1,0,108403.0
10447,288.0,864.0,887,3,1,0,102618.0
11027,452.0,1178.0,1293,2,2,0,182982.0
10533,313.0,1008.0,1024,2,1,0,131127.0
11765,963.0,1617.0,1797,3,1,1,255066.0
39384,550.0,1705.0,1390,1,1,1,268116.0
11727,506.0,1851.0,1851,3,2,0,238977.0
8238,400.0,813.0,1525,3,2,1,176460.0
13041,423.0,781.0,1671,3,2,1,190007.0
9783,443.0,821.0,1776,3,2,1,194962.0
13128,527.0,1074.0,2064,4,2,1,220653.0
13751,773.0,1700.0,2212,3,2,1,289786.0
13108,618.0,2062.0,2687,4,2,1,309833.0
8076,402.0,1160.0,1169,3,2,0,156344.0
3701,461.0,1191.0,1204,2,2,0,170571.0
16023,670.0,1398.0,2798,3,3,1,320304.0
18062,758.0,1528.0,3390,5,3,1,342377.0
12292,675.0,1094.0,2473,4,2,1,252328.0
16052,736.0,1850.0,2698,4,2,1,311272.0
15922,660.0,1390.0,2795,4,3,1,306779.0
8147,517.0,1714.0,1714,2,2,0,233307.0
18261,722.0,1910.0,2000,3,2,1,291261.0
10464,582.0,988.0,1102,2,1,0,152381.0
10530,482.0,945.0,1857,4,2,1,196928.0
9927,596.0,1047.0,1083,2,1,0,154655.0
9512,541.0,960.0,2318,3,2,1,237013.0
10530,485.0,675.0,1875,3,3,0,196769.0
10000,462.0,1103.0,1103,3,2,0,156380.0
7200,576.0,864.0,874,3,1,0,117464.0
8773,543.0,1487.0,1419,2,2,0,208712.0
2760,440.0,525.0,1092,3,1,1,115968.0
2160,440.0,765.0,1365,3,1,1,141849.0
1890,264.0,494.0,1030,3,1,1,98128.0
1680,264.0,483.0,948,2,1,1,105132.0
1680,264.0,525.0,1092,3,1,1,102725.0
4043,440.0,1069.0,1069,2,2,0,156237.0
7514,300.0,943.0,1387,3,1,0,130323.0
2280,319.0,1055.0,1055,2,2,0,144433.0
2179,460.0,855.0,1456,3,2,1,171582.0
16387,831.0,1738.0,2589,4,2,1,306671.0
16163,880.0,1618.0,1618,2,2,0,257758.0
12228,874.0,1721.0,1740,4,2,0,239894.0
14780,1085.0,1868.0,1868,2,2,0,295855.0
13975,670.0,1090.0,2206,4,2,1,239706.0
9942,521.0,1606.0,2091,3,2,1,256886.0
12867,575.0,1209.0,2253,3,2,1,252593.0
10672,672.0,1054.0,2389,4,2,1,243668.0
11643,784.0,1524.0,2358,4,2,1,274608.0
13758,925.0,1792.0,1792,2,2,0,275892.0
14828,816.0,1780.0,1780,2,2,0,268575.0
13215,746.0,1420.0,1914,3,2,1,257336.0
5911,556.0,1560.0,1565,2,2,0,217520.0
7740,899.0,1686.0,1686,1,2,0,267943.0
6373,575.0,1666.0,1666,2,2,0,230091.0
10237,390.0,728.0,1456,3,2,1,170269.0
10237,440.0,738.0,1492,3,2,1,176069.0
11660,427.0,1326.0,1326,3,2,0,179147.0
11631,632.0,1052.0,2373,4,2,1,241183.0
9073,440.0,738.0,1492,3,2,1,174645.0
3087,437.0,1220.0,1364,2,2,0,178136.0
2938,398.0,1368.0,1511,2,2,0,190594.0
3072,388.0,1365.0,1548,2,2,0,191888.0
3010,440.0,1142.0,1142,2,2,0,162537.0
9171,433.0,848.0,1598,3,2,1,185476.0
8658,431.0,982.0,1889,3,2,1,206912.0
12104,617.0,1035.0,2322,4,3,1,256161.0
9660,885.0,1044.0,1976,3,2,1,246639.0
9545,768.0,1160.0,2234,3,2,1,258112.0
9233,774.0,1540.0,2855,4,2,1,298113.0
10019,725.0,1342.0,2726,4,2,1,278894.0
17242,959.0,1733.0,3500,4,3,1,383358.0
10236,803.0,1290.0,2494,4,2,1,269523.0
12585,704.0,1286.0,2799,3,2,1,293802.0
12447,760.0,1100.0,1964,3,2,1,243783.0
15218,928.0,1670.0,1670,2,2,1,284017.0
10936,510.0,1504.0,1504,3,2,0,202326.0
8640,584.0,1278.0,1278,2,2,0,193273.0
13162,792.0,2036.0,2640,3,3,1,349016.0
8125,615.0,858.0,1716,3,2,1,203280.0
7733,0.0,1142.0,1142,3,1,1,126152.0
11024,612.0,1400.0,1400,3,2,0,198567.0
13072,0.0,1131.0,1131,3,1,1,131546.0
7800,462.0,891.0,1686,3,2,1,192601.0
7632,449.0,784.0,1585,3,2,1,180746.0
8304,688.0,941.0,1837,3,2,1,219056.0
9370,462.0,836.0,1731,3,2,1,194120.0
7175,542.0,1398.0,1398,2,2,0,201068.0
7175,484.0,1217.0,1217,2,2,0,178386.0
9019,472.0,636.0,1320,3,2,1,162471.0
9100,624.0,988.0,988,3,1,0,135359.0
8927,528.0,0.0,1654,4,2,0,120686.0
9240,576.0,864.0,1211,2,1,0,149969.0
9308,310.0,984.0,984,3,1,0,113930.0
8450,294.0,882.0,909,3,1,0,102658.0
8638,484.0,925.0,925,2,1,0,130943.0
13052,308.0,1024.0,1024,3,1,1,141298.0
8020,0.0,912.0,912,3,1,0,83895.0
8789,288.0,912.0,941,3,1,0,105880.0
14330,550.0,1748.0,2646,3,2,0,282029.0
11025,888.0,1334.0,2826,3,2,1,308218.0
3628,588.0,1143.0,1143,1,1,1,185382.0
2544,480.0,600.0,1223,2,2,1,160288.0
2998,440.0,756.0,1524,2,2,1,181977.0
4447,496.0,530.0,1080,2,2,1,152582.0
8314,434.0,569.0,1694,3,2,1,175447.0
7180,564.0,1568.0,1568,3,2,0,208019.0
13110,501.0,1153.0,1193,2,2,0,182288.0
10140,477.0,1334.0,1334,3,2,0,181502.0
9600,504.0,1051.0,1051,3,1,0,134370.0
8640,530.0,900.0,1770,4,1,1,172002.0
9360,504.0,976.0,976,2,1,0,138466.0
8400,326.0,833.0,898,3,1,0,101699.0
9759,264.0,1051.0,1051,3,1,0,118308.0
9600,568.0,1141.0,1141,3,1,0,148031.0
8800,299.0,1187.0,1565,3,2,0,172593.0
10368,430.0,1008.0,1488,3,1,1,170040.0
9350,480.0,720.0,1440,4,1,1,142890.0
10800,286.0,1248.0,1248,3,1,0,141485.0
8550,240.0,816.0,816,2,1,0,103014.0
9724,273.0,938.0,1043,2,1,0,124888.0
9600,441.0,1251.0,1433,3,1,0,160465.0
10858,240.0,1444.0,1624,2,1,0,180441.0
9600,280.0,1056.0,1216,3,1,0,128189.0
9462,234.0,704.0,1728,3,1,1,152966.0
9888,240.0,936.0,936,2,1,0,117085.0
8917,506.0,1584.0,1584,4,2,0,195713.0
12700,441.0,1246.0,1246,3,1,0,154102.0
9723,430.0,1008.0,1008,2,1,0,137214.0
8400,331.0,1179.0,1364,3,1,1,163020.0
9610,488.0,1121.0,1336,3,1,1,170715.0
10000,300.0,1058.0,1370,3,1,0,138291.0
10152,353.0,1124.0,1124,3,1,0,132382.0
8092,286.0,1050.0,1050,3,1,0,117655.0
12778,280.0,1008.0,1008,2,1,0,130792.0
10170,400.0,216.0,1575,2,1,1,144415.0
7700,684.0,301.0,1145,3,1,0,111225.0
11050,319.0,1005.0,1005,2,1,0,131008.0
13600,300.0,1056.0,1056,3,1,1,144742.0
15428,270.0,884.0,884,2,1,0,120510.0
21299,791.0,929.0,2039,3,1,1,233049.0
13300,896.0,1015.0,1384,2,1,0,193424.0
22136,1008.0,2171.0,2640,5,2,1,338170.0
7500,649.0,784.0,1312,3,1,1,160697.0
10410,371.0,713.0,713,2,1,0,103492.0
10914,660.0,715.0,715,2,1,0,123892.0
7008,280.0,448.0,720,1,1,0,92272.0
7200,528.0,663.0,1595,3,2,0,161192.0
10818,648.0,1077.0,1760,4,1,1,191097.0
10184,294.0,1083.0,1146,3,1,0,127513.0
9510,264.0,1135.0,1207,3,1,1,149297.0
10800,418.0,1313.0,1773,3,2,0,200499.0
11650,484.0,0.0,1472,2,2,0,135721.0
18275,441.0,1438.0,2448,3,3,0,272262.0
12144,597.0,910.0,1521,3,1,1,180309.0
8544,400.0,0.0,1040,2,2,0,103351.0
8512,0.0,1556.0,1556,4,2,0,158042.0
7000,288.0,1150.0,1150,3,1,0,126815.0
7400,528.0,1045.0,1045,3,1,0,132682.0
7000,336.0,864.0,864,3,1,0,100433.0
7000,0.0,1025.0,1025,3,1,0,94356.0
9856,624.0,716.0,2014,5,2,0,171500.0
9600,240.0,1212.0,1668,3,1,0,157320.0
5520,162.0,1147.0,1657,4,1,0,131007.0
9600,400.0,780.0,1416,3,1,0,132929.0
6451,576.0,712.0,1428,4,1,0,126027.0
3960,200.0,502.0,1004,2,1,0,88738.0
7745,576.0,938.0,1951,4,2,0,185734.0
7741,280.0,1032.0,1032,2,1,0,127114.0
5633,216.0,844.0,844,2,1,0,100720.0
7200,528.0,576.0,864,2,1,0,111255.0
7614,216.0,738.0,1376,2,1,0,125949.0
6000,576.0,960.0,960,3,1,0,125413.0
6000,450.0,816.0,1566,5,1,1,136133.0
7830,200.0,492.0,492,1,1,0,78013.0
9576,378.0,770.0,1182,3,1,1,137287.0
5747,250.0,798.0,840,2,1,0,100620.0
6300,432.0,1226.0,2104,5,2,0,184742.0
5976,0.0,624.0,1248,2,2,0,115738.0
9750,624.0,960.0,960,3,1,0,133254.0
4761,0.0,1020.0,1020,2,1,0,103258.0
11737,240.0,848.0,1827,2,1,0,162078.0
6120,258.0,728.0,1162,3,1,0,102966.0
6120,180.0,741.0,1324,3,1,0,106920.0
11672,210.0,816.0,816,2,1,0,104803.0
33120,576.0,1595.0,2486,5,2,0,266241.0
10320,370.0,596.0,1430,3,2,0,142176.0
7518,390.0,396.0,1330,3,1,0,105698.0
9000,0.0,610.0,819,2,1,0,77032.0
7200,308.0,984.0,984,3,1,0,111215.0
12375,288.0,806.0,1422,3,1,0,130373.0
11136,576.0,1921.0,1921,4,2,0,238088.0
21370,394.0,0.0,1640,3,1,0,119280.0
8250,260.0,0.0,1032,2,1,0,74107.0
5220,180.0,830.0,879,2,1,0,98920.0
5500,246.0,1073.0,1073,2,2,0,145294.0
11327,528.0,1064.0,1064,3,1,0,139457.0
10366,336.0,912.0,934,2,1,0,122851.0
9000,286.0,1059.0,1059,3,1,0,119699.0
9535,512.0,1176.0,1458,3,1,1,181496.0
7176,616.0,960.0,1040,3,1,0,133798.0
9662,580.0,1967.0,1967,6,2,0,217001.0
8235,586.0,1949.0,1949,6,2,0,213796.0
17529,322.0,872.0,872,2,1,0,125360.0
20355,521.0,1865.0,1830,2,1,0,243333.0
13050,575.0,1000.0,1000,1,1,0,162438.0
10820,576.0,782.0,810,2,1,0,126512.0
1700,450.0,430.0,1700,2,2,1,173873.0
9375,504.0,967.0,1350,3,1,1,164452.0
6488,215.0,799.0,1150,3,1,0,103464.0
19950,795.0,672.0,2009,4,2,0,205103.0
19800,836.0,1836.0,3672,5,3,1,380323.0
11679,528.0,1776.0,1560,3,2,0,221199.0
12048,569.0,0.0,1488,3,1,0,111675.0
10519,288.0,1057.0,1057,3,1,0,121486.0
9525,305.0,1000.0,1609,5,1,1,142223.0
12128,506.0,868.0,2559,4,2,1,233787.0
9069,920.0,1344.0,1440,2,2,0,228480.0
11003,848.0,1308.0,1876,3,2,1,253853.0
7488,632.0,1208.0,1208,2,2,0,187861.0
13377,495.0,1836.0,1846,3,2,0,239227.0
11645,754.0,1570.0,1590,2,2,1,258556.0
10984,638.0,945.0,1809,3,2,1,217669.0
9316,576.0,1614.0,1614,3,2,0,216212.0
9316,610.0,784.0,1596,3,2,1,194295.0
12000,522.0,1388.0,1388,3,2,0,192422.0
13015,462.0,1100.0,1100,3,1,1,159559.0
12438,473.0,781.0,1499,3,2,1,183547.0
8685,591.0,1425.0,1425,3,2,0,196873.0
9272,515.0,842.0,1749,3,2,1,198847.0
13426,586.0,951.0,1779,3,2,1,215850.0
8340,317.0,675.0,1388,3,1,1,137740.0
10385,672.0,995.0,1282,3,2,0,175085.0
7200,297.0,864.0,864,3,1,0,98036.0
9930,591.0,826.0,1762,3,2,1,204679.0
9468,530.0,840.0,1755,3,2,1,200320.0
11088,418.0,1348.0,1358,1,1,1,204767.0
8726,529.0,872.0,1909,4,2,1,196960.0
10566,646.0,1090.0,2214,3,2,1,246493.0
21533,467.0,1065.0,2049,4,2,1,225625.0
11250,555.0,1054.0,1939,3,2,1,224779.0
11250,610.0,930.0,1995,4,2,1,213028.0
4435,420.0,848.0,848,1,1,0,125647.0
8810,545.0,1390.0,1390,3,2,0,190283.0
8581,578.0,851.0,1737,3,2,1,202089.0
8400,572.0,784.0,1611,3,2,1,191395.0
8772,502.0,1336.0,1336,3,2,0,181729.0
8777,528.0,676.0,1436,3,2,0,155360.0
7840,0.0,976.0,1012,4,2,0,99030.0
16133,360.0,1176.0,1176,2,1,0,157724.0
7162,616.0,796.0,1724,3,2,1,199452.0
8050,0.0,914.0,914,2,1,0,96300.0
11060,502.0,1150.0,2314,3,2,1,245679.0
3675,525.0,547.0,1072,2,1,0,116285.0
2522,380.0,970.0,1709,3,2,0,167031.0
6956,265.0,624.0,936,3,1,0,87226.0
7822,528.0,832.0,1338,3,2,0,156904.0
8707,288.0,1093.0,1669,4,1,1,160120.0
16012,609.0,954.0,1482,3,2,0,186219.0
8248,0.0,864.0,1414,3,1,0,108329.0
8088,216.0,498.0,498,1,1,0,80034.0
11388,275.0,616.0,1273,3,1,0,110770.0
10890,240.0,1058.0,1551,3,2,0,163879.0
6430,440.0,780.0,1340,3,1,0,127734.0
7000,312.0,624.0,1479,3,1,0,119221.0
4899,216.0,755.0,1510,3,1,0,118424.0
9399,288.0,818.0,1636,4,1,1,145289.0
10164,240.0,992.0,1465,3,2,0,155092.0
6191,240.0,824.0,1288,4,1,0,101209.0
21780,318.0,817.0,1550,3,1,1,170028.0
12400,410.0,901.0,1717,2,1,1,190040.0
8170,451.0,1022.0,1671,4,2,0,167213.0
12320,579.0,637.0,1609,3,1,1,170137.0
14210,365.0,697.0,1801,3,1,1,171162.0
15600,342.0,1168.0,2315,4,2,0,210425.0
7288,215.0,976.0,976,2,1,0,116355.0
7000,506.0,861.0,1285,3,1,0,134092.0
8534,0.0,432.0,672,2,1,0,59661.0
7030,272.0,641.0,641,2,1,0,85189.0
9060,384.0,967.0,1638,4,2,0,159231.0
12366,0.0,0.0,729,2,1,0,45486.0
9000,0.0,660.0,1396,4,2,0,104779.0
8520,0.0,216.0,936,2,1,0,62683.0
5748,495.0,1573.0,1778,2,2,0,225128.0
3842,525.0,1594.0,1646,2,2,0,218900.0
23580,576.0,1625.0,1625,3,2,0,234808.0
8385,616.0,1664.0,1664,4,2,0,210802.0
9116,490.0,1491.0,1491,3,2,0,197397.0
11080,528.0,1128.0,1210,3,2,0,169106.0
50102,518.0,1632.0,1650,2,1,0,258200.0
8098,470.0,1381.0,1403,2,2,0,196725.0
13618,714.0,1728.0,1960,3,2,0,254923.0
11577,682.0,1838.0,1838,3,2,0,249368.0
31250,270.0,0.0,1600,3,1,1,139630.0
7020,784.0,1288.0,1368,2,2,0,210110.0
2665,336.0,264.0,1304,3,1,1,106814.0
10172,288.0,864.0,874,3,1,0,101593.0
11836,928.0,1652.0,1652,4,2,0,234916.0
1470,0.0,630.0,630,1,1,0,70981.0
1484,253.0,546.0,1092,3,1,1,102804.0
13384,336.0,1104.0,1360,3,1,0,146671.0
1533,286.0,546.0,1092,3,1,1,105099.0
1526,0.0,546.0,1092,3,1,1,85718.0
1936,0.0,546.0,1092,3,1,1,86220.0
1894,286.0,546.0,1092,3,1,1,105541.0
20000,576.0,1224.0,1224,4,1,0,157740.0
10441,0.0,912.0,970,3,1,0,89930.0
9627,650.0,996.0,2000,3,2,1,229520.0
